thickness_cm,n,absorbed_count,absorbed_fraction,absorbed_uncertainty,reflected_count,reflected_fraction,reflected_uncertainty,transmitted_count,transmitted_fraction,transmitted_uncertainty,max_steps_count,max_steps_fraction,max_steps_uncertainty,material
1.0,3000.0,126.0,0.042,0.0036622397518458563,1912.0,0.6373333333333333,0.008777614625769266,962.0,0.32066666666666666,0.008521337053842266,0.0,0.0,0.0,Water
3.0,3000.0,427.0,0.14233333333333334,0.006378990399625831,2297.0,0.7656666666666667,0.007733503350621507,276.0,0.092,0.005276867757802286,0.0,0.0,0.0,Water
5.0,3000.0,540.0,0.18,0.007014271166700073,2348.0,0.7826666666666666,0.00752993040152775,112.0,0.037333333333333336,0.003461192258724131,0.0,0.0,0.0,Water
7.0,3000.0,569.0,0.18966666666666668,0.007157588565576683,2393.0,0.7976666666666666,0.007334724615497517,38.0,0.012666666666666666,0.0020417494314290234,0.0,0.0,0.0,Water
9.0,3000.0,580.0,0.19333333333333333,0.00721007525516795,2404.0,0.8013333333333333,0.00728464646184522,16.0,0.005333333333333333,0.0013297730243527638,0.0,0.0,0.0,Water
11.0,3000.0,627.0,0.209,0.007423364017299255,2365.0,0.7883333333333333,0.007457968644094469,8.0,0.0026666666666666666,0.0009415511236882033,0.0,0.0,0.0,Water
13.0,3000.0,612.0,0.204,0.007357173370255726,2383.0,0.7943333333333333,0.00737942836288577,5.0,0.0016666666666666668,0.0007447346034861208,0.0,0.0,0.0,Water
15.0,3000.0,625.0,0.20833333333333334,0.007414637675021744,2374.0,0.7913333333333333,0.007419004625260024,1.0,0.0003333333333333333,0.0003332777731473764,0.0,0.0,0.0,Water
17.0,3000.0,638.0,0.21266666666666667,0.007470822256297174,2361.0,0.787,0.007475091972678329,1.0,0.0003333333333333333,0.0003332777731473764,0.0,0.0,0.0,Water
19.0,3000.0,635.0,0.21166666666666667,0.007457968644094469,2365.0,0.7883333333333333,0.007457968644094469,0.0,0.0,0.0,0.0,0.0,0.0,Water
21.0,3000.0,590.0,0.19666666666666666,0.007256925172754846,2410.0,0.8033333333333333,0.007256925172754846,0.0,0.0,0.0,0.0,0.0,0.0,Water
23.0,3000.0,658.0,0.21933333333333332,0.007554826762236669,2342.0,0.7806666666666666,0.007554826762236671,0.0,0.0,0.0,0.0,0.0,0.0,Water
25.0,3000.0,604.0,0.20133333333333334,0.007321161615987412,2396.0,0.7986666666666666,0.007321161615987412,0.0,0.0,0.0,0.0,0.0,0.0,Water
27.0,3000.0,616.0,0.20533333333333334,0.007374992780912976,2384.0,0.7946666666666666,0.007374992780912977,0.0,0.0,0.0,0.0,0.0,0.0,Water
29.0,3000.0,611.0,0.20366666666666666,0.007352699176845547,2389.0,0.7963333333333333,0.007352699176845547,0.0,0.0,0.0,0.0,0.0,0.0,Water
1.0,3000.0,24.0,0.008,0.0016264480727442034,448.0,0.14933333333333335,0.006507249518521346,2528.0,0.8426666666666667,0.006647795513189706,0.0,0.0,0.0,Lead
3.0,3000.0,77.0,0.025666666666666667,0.002887206775235013,1078.0,0.35933333333333334,0.008760001691188743,1845.0,0.615,0.008883974335847668,0.0,0.0,0.0,Lead
5.0,3000.0,141.0,0.047,0.0038639789509433576,1437.0,0.479,0.009120654216301226,1422.0,0.474,0.009116358922289096,0.0,0.0,0.0,Lead
7.0,3000.0,211.0,0.07033333333333333,0.004668567073366143,1660.0,0.5533333333333333,0.009076628514221852,1129.0,0.37633333333333335,0.00884508442687341,0.0,0.0,0.0,Lead
9.0,3000.0,262.0,0.08733333333333333,0.005154487437247349,1763.0,0.5876666666666667,0.008987297620448458,975.0,0.325,0.008551315688243535,0.0,0.0,0.0,Lead
11.0,3000.0,348.0,0.116,0.005846480422727279,1872.0,0.624,0.008843528707478706,780.0,0.26,0.0080083289975708,0.0,0.0,0.0,Lead
13.0,3000.0,391.0,0.13033333333333333,0.006146721498911854,1984.0,0.6613333333333333,0.008640438946325886,625.0,0.20833333333333334,0.007414637675021744,0.0,0.0,0.0,Lead
15.0,3000.0,447.0,0.149,0.006501256288851666,2021.0,0.6736666666666666,0.008560371660328947,532.0,0.17733333333333334,0.006973431059438442,0.0,0.0,0.0,Lead
17.0,3000.0,460.0,0.15333333333333332,0.006578303282311791,2058.0,0.686,0.0084735667421301,482.0,0.16066666666666668,0.006704547931289846,0.0,0.0,0.0,Lead
19.0,3000.0,516.0,0.172,0.006889992743102129,2086.0,0.6953333333333334,0.008403270968079213,398.0,0.13266666666666665,0.006193174259409096,0.0,0.0,0.0,Lead
21.0,3000.0,580.0,0.19333333333333333,0.00721007525516795,2089.0,0.6963333333333334,0.008395499235150188,331.0,0.11033333333333334,0.005720136621005041,0.0,0.0,0.0,Lead
23.0,3000.0,606.0,0.202,0.00733021145670437,2091.0,0.697,0.008390292009221133,303.0,0.101,0.005501484648104849,0.0,0.0,0.0,Lead
25.0,3000.0,624.0,0.208,0.007410263153222023,2127.0,0.709,0.00829294881209332,249.0,0.083,0.005036897193047852,0.0,0.0,0.0,Lead
27.0,3000.0,652.0,0.21733333333333332,0.007529930401527748,2143.0,0.7143333333333334,0.00824744853923972,205.0,0.06833333333333333,0.004606657822792604,0.0,0.0,0.0,Lead
29.0,3000.0,679.0,0.22633333333333333,0.0076399510372679655,2129.0,0.7096666666666667,0.008287337507484714,192.0,0.064,0.004468556814006061,0.0,0.0,0.0,Lead
1.0,3000.0,1.0,0.0003333333333333333,0.0003332777731473764,530.0,0.17666666666666667,0.0069631304156381555,2469.0,0.823,0.00696828529840735,0.0,0.0,0.0,Graphite
3.0,3000.0,2.0,0.0006666666666666666,0.00047124735975289457,1111.0,0.37033333333333335,0.008816396761254104,1887.0,0.629,0.008819656077950735,0.0,0.0,0.0,Graphite
5.0,3000.0,8.0,0.0026666666666666666,0.0009415511236882033,1556.0,0.5186666666666667,0.009122345377433656,1436.0,0.4786666666666667,0.009120396352660867,0.0,0.0,0.0,Graphite
7.0,3000.0,17.0,0.005666666666666667,0.0013704689654221234,1776.0,0.592,0.008972847931398369,1207.0,0.4023333333333333,0.008952862153565234,0.0,0.0,0.0,Graphite
9.0,3000.0,22.0,0.007333333333333333,0.0015577286408481159,1930.0,0.6433333333333333,0.008745580894668186,1048.0,0.34933333333333333,0.008704396505129951,0.0,0.0,0.0,Graphite
11.0,3000.0,26.0,0.008666666666666666,0.0016922918932181445,2110.0,0.7033333333333334,0.008339775287851096,864.0,0.288,0.00826752683696884,0.0,0.0,0.0,Graphite
13.0,3000.0,25.0,0.008333333333333333,0.0016597076940321838,2221.0,0.7403333333333333,0.008004996125106056,754.0,0.25133333333333335,0.007919698834528345,0.0,0.0,0.0,Graphite
15.0,3000.0,43.0,0.014333333333333333,0.002170091310589556,2277.0,0.759,0.007808520986717011,680.0,0.22666666666666666,0.007643927631108868,0.0,0.0,0.0,Graphite
17.0,3000.0,43.0,0.014333333333333333,0.002170091310589556,2414.0,0.8046666666666666,0.0072382829967293175,543.0,0.181,0.0070294380998768315,0.0,0.0,0.0,Graphite
19.0,3000.0,56.0,0.018666666666666668,0.00247104716144271,2402.0,0.8006666666666666,0.007293822855804208,542.0,0.18066666666666667,0.0070243913668070965,0.0,0.0,0.0,Graphite
21.0,3000.0,64.0,0.021333333333333333,0.0026380688784426016,2392.0,0.7973333333333333,0.007339229952542453,544.0,0.18133333333333335,0.0070344759472082815,0.0,0.0,0.0,Graphite
23.0,3000.0,68.0,0.02266666666666667,0.0027174061706517665,2472.0,0.824,0.00695279320369399,460.0,0.15333333333333332,0.006578303282311791,0.0,0.0,0.0,Graphite
25.0,3000.0,58.0,0.019333333333333334,0.002513931552738032,2509.0,0.8363333333333334,0.0067547486725732155,433.0,0.14433333333333334,0.006416157266937437,0.0,0.0,0.0,Graphite
27.0,3000.0,68.0,0.02266666666666667,0.0027174061706517665,2580.0,0.86,0.006335087476375787,352.0,0.11733333333333333,0.005875548831732579,0.0,0.0,0.0,Graphite
29.0,3000.0,74.0,0.024666666666666667,0.0028318558239090155,2541.0,0.847,0.006572442468367449,385.0,0.12833333333333333,0.006106387062982739,0.0,0.0,0.0,Graphite
